{
    "$schema": "https://schema.management.azure.com/schemas/2015-01-01/deploymentTemplate.json#",
    "contentVersion": "1.0.0.0",
    "parameters": {
        "registries_ComputerVisionProject_name": {
            "defaultValue": "ComputerVisionProject",
            "type": "String"
        }
    },
    "variables": {},
    "resources": [
        {
            "type": "Microsoft.ContainerRegistry/registries",
            "apiVersion": "2017-10-01",
            "name": "[parameters('registries_ComputerVisionProject_name')]",
            "location": "northeurope",
            "sku": {
                "name": "Standard",
                "tier": "Standard"
            },
            "properties": {
                "adminUserEnabled": true
            }
        }
    ]
}