{
    "$schema": "https://schema.management.azure.com/schemas/2015-01-01/deploymentParameters.json#",
    "contentVersion": "1.0.0.0",
    "parameters": {
        "resourceName": {
            "value": "kubeCluster"
        },
        "location": {
            "value": "northeurope"
        },
        "dnsPrefix": {
            "value": "kubeCluster-dns"
        },
        "agentCount": {
            "value": 1
        },
        "agentVMSize": {
            "value": "Standard_B2ms"
        },
        "servicePrincipalClientId": {
            "value": null
        },
        "servicePrincipalClientSecret": {
            "value": null
        },
        "kubernetesVersion": {
            "value": "1.12.8"
        },
        "networkPlugin": {
            "value": "azure"
        },
        "enableRBAC": {
            "value": true
        },
        "enableHttpApplicationRouting": {
            "value": false
        },
        "vnetSubnetID": {
            "value": "/subscriptions/ba1d4485-2ac1-4c28-be39-56e5a0f0185c/resourceGroups/kubernetesResourceGroup/providers/Microsoft.Network/virtualNetworks/kubernetesResourceGroup-vnet/subnets/default"
        },
        "serviceCidr": {
            "value": "10.0.0.0/16"
        },
        "dnsServiceIP": {
            "value": "10.0.0.10"
        },
        "dockerBridgeCidr": {
            "value": "172.17.0.1/16"
        },
        "principalId": {
            "value": "aa58cd1c-8db0-4e63-9559-242abfca87e2"
        }
    }
}