{
    "$schema": "https://schema.management.azure.com/schemas/2015-01-01/deploymentTemplate.json#",
    "contentVersion": "1.0.0.0",
    "parameters": {
        "resourceName": {
            "type": "string",
            "metadata": {
                "description": "The name of the Managed Cluster resource."
            }
        },
        "location": {
            "type": "string",
            "metadata": {
                "description": "The location of AKS resource."
            }
        },
        "dnsPrefix": {
            "type": "string",
            "metadata": {
                "description": "Optional DNS prefix to use with hosted Kubernetes API server FQDN."
            }
        },
        "osDiskSizeGB": {
            "type": "int",
            "defaultValue": 0,
            "metadata": {
                "description": "Disk size (in GiB) to provision for each of the agent pool nodes. This value ranges from 0 to 1023. Specifying 0 will apply the default disk size for that agentVMSize."
            },
            "minValue": 0,
            "maxValue": 1023
        },
        "agentCount": {
            "type": "int",
            "defaultValue": 3,
            "metadata": {
                "description": "The number of agent nodes for the cluster."
            },
            "minValue": 1,
            "maxValue": 50
        },
        "agentVMSize": {
            "type": "string",
            "defaultValue": "Standard_D2_v2",
            "metadata": {
                "description": "The size of the Virtual Machine."
            }
        },
        "servicePrincipalClientId": {
            "metadata": {
                "description": "Client ID (used by cloudprovider)."
            },
            "type": "securestring"
        },
        "servicePrincipalClientSecret": {
            "metadata": {
                "description": "The Service Principal Client Secret."
            },
            "type": "securestring"
        },
        "osType": {
            "type": "string",
            "defaultValue": "Linux",
            "allowedValues": [
                "Linux"
            ],
            "metadata": {
                "description": "The type of operating system."
            }
        },
        "kubernetesVersion": {
            "type": "string",
            "defaultValue": "1.7.7",
            "metadata": {
                "description": "The version of Kubernetes."
            }
        },
        "networkPlugin": {
            "type": "string",
            "allowedValues": [
                "azure",
                "kubenet"
            ],
            "metadata": {
                "description": "Network plugin used for building Kubernetes network."
            }
        },
        "maxPods": {
            "type": "int",
            "defaultValue": 30,
            "metadata": {
                "description": "Maximum number of pods that can run on a node."
            }
        },
        "enableRBAC": {
            "type": "bool",
            "defaultValue": true,
            "metadata": {
                "description": "Boolean flag to turn on and off of RBAC."
            }
        },
        "vmssNodePool": {
            "type": "bool",
            "defaultValue": false,
            "metadata": {
                "description": "Boolean flag to turn on and off of VM scale sets"
            }
        },
        "windowsProfile": {
            "type": "bool",
            "defaultValue": false,
            "metadata": {
                "description": "Boolean flag to turn on and off of VM scale sets"
            }
        },
        "enableHttpApplicationRouting": {
            "type": "bool",
            "defaultValue": true,
            "metadata": {
                "description": "Boolean flag to turn on and off of http application routing."
            }
        },
        "vnetSubnetID": {
            "type": "string",
            "metadata": {
                "description": "Resource ID of virtual network subnet used for nodes and/or pods IP assignment."
            }
        },
        "serviceCidr": {
            "type": "string",
            "metadata": {
                "description": "A CIDR notation IP range from which to assign service cluster IPs."
            }
        },
        "dnsServiceIP": {
            "type": "string",
            "metadata": {
                "description": "Containers DNS server IP address."
            }
        },
        "dockerBridgeCidr": {
            "type": "string",
            "metadata": {
                "description": "A CIDR notation IP for Docker bridge."
            }
        },
        "principalId": {
            "type": "string",
            "metadata": {
                "description": "The objectId of service principal."
            }
        },
        "aciVnetSubnetName": {
            "type": "string",
            "metadata": {
                "description": "Name of virtual network subnet used for the ACI Connector."
            }
        },
        "aciConnectorLinuxEnabled": {
            "type": "bool",
            "metadata": {
                "description": "Enables the Linux ACI Connector."
            }
        }
    },
    "resources": [
        {
            "apiVersion": "2019-04-01",
            "dependsOn": [
                "Microsoft.Network/virtualNetworks/ComputerVisionProject-vnet",
                "[concat('Microsoft.Resources/deployments/', 'ClusterSubnetRoleAssignmentDeployment-20190711001410')]",
                "[concat('Microsoft.Resources/deployments/', 'AciSubnetRoleAssignmentDeployment-20190711001410')]"
            ],
            "type": "Microsoft.ContainerService/managedClusters",
            "location": "[parameters('location')]",
            "name": "[parameters('resourceName')]",
            "properties": {
                "kubernetesVersion": "[parameters('kubernetesVersion')]",
                "enableRBAC": "[parameters('enableRBAC')]",
                "dnsPrefix": "[parameters('dnsPrefix')]",
                "agentPoolProfiles": [
                    {
                        "name": "agentpool",
                        "osDiskSizeGB": "[parameters('osDiskSizeGB')]",
                        "count": "[parameters('agentCount')]",
                        "vmSize": "[parameters('agentVMSize')]",
                        "osType": "[parameters('osType')]",
                        "storageProfile": "ManagedDisks",
                        "vnetSubnetID": "[parameters('vnetSubnetID')]"
                    }
                ],
                "servicePrincipalProfile": {
                    "ClientId": "[parameters('servicePrincipalClientId')]",
                    "Secret": "[parameters('servicePrincipalClientSecret')]"
                },
                "networkProfile": {
                    "networkPlugin": "[parameters('networkPlugin')]",
                    "serviceCidr": "[parameters('serviceCidr')]",
                    "dnsServiceIP": "[parameters('dnsServiceIP')]",
                    "dockerBridgeCidr": "[parameters('dockerBridgeCidr')]"
                },
                "addonProfiles": {
                    "httpApplicationRouting": {
                        "enabled": "[parameters('enableHttpApplicationRouting')]"
                    },
                    "aciConnectorLinux": {
                        "enabled": "[parameters('aciConnectorLinuxEnabled')]",
                        "config": {
                            "SubnetName": "[parameters('aciVnetSubnetName')]"
                        }
                    }
                }
            },
            "tags": {}
        },
        {
            "apiVersion": "2019-02-01",
            "name": "ComputerVisionProject-vnet",
            "type": "Microsoft.Network/virtualNetworks",
            "location": "northeurope",
            "properties": {
                "subnets": [
                    {
                        "name": "default",
                        "id": "/subscriptions/ba1d4485-2ac1-4c28-be39-56e5a0f0185c/resourceGroups/ComputerVisionProject/providers/Microsoft.Network/virtualNetworks/ComputerVisionProject-vnet/subnets/default",
                        "properties": {
                            "addressPrefix": "10.240.0.0/16"
                        }
                    },
                    {
                        "name": "virtual-node-aci",
                        "id": "/subscriptions/ba1d4485-2ac1-4c28-be39-56e5a0f0185c/resourceGroups/ComputerVisionProject/providers/Microsoft.Network/virtualNetworks/ComputerVisionProject-vnet/subnets/virtual-node-aci",
                        "properties": {
                            "addressPrefix": "10.241.0.0/16",
                            "delegations": [
                                {
                                    "name": "aciDelegation",
                                    "properties": {
                                        "serviceName": "Microsoft.ContainerInstance/containerGroups",
                                        "actions": [
                                            "Microsoft.Network/virtualNetworks/subnets/action"
                                        ]
                                    }
                                }
                            ]
                        }
                    }
                ],
                "addressSpace": {
                    "addressPrefixes": [
                        "10.0.0.0/8"
                    ]
                }
            },
            "tags": {}
        },
        {
            "type": "Microsoft.Resources/deployments",
            "name": "ClusterSubnetRoleAssignmentDeployment-20190711001410",
            "apiVersion": "2017-05-10",
            "resourceGroup": "ComputerVisionProject",
            "subscriptionId": "ba1d4485-2ac1-4c28-be39-56e5a0f0185c",
            "properties": {
                "mode": "Incremental",
                "template": {
                    "$schema": "https://schema.management.azure.com/schemas/2015-01-01/deploymentTemplate.json#",
                    "contentVersion": "1.0.0.0",
                    "parameters": {},
                    "variables": {},
                    "resources": [
                        {
                            "type": "Microsoft.Network/virtualNetworks/subnets/providers/roleAssignments",
                            "apiVersion": "2017-05-01",
                            "name": "ComputerVisionProject-vnet/default/Microsoft.Authorization/d7ad12d5-92d7-4ead-9f9d-e35071cf7e43",
                            "properties": {
                                "roleDefinitionId": "[concat('/subscriptions/', subscription().subscriptionId, '/providers/Microsoft.Authorization/roleDefinitions/', '4d97b98b-1d4f-4787-a291-c67834d212e7')]",
                                "principalId": "[parameters('principalId')]",
                                "scope": "/subscriptions/ba1d4485-2ac1-4c28-be39-56e5a0f0185c/resourceGroups/ComputerVisionProject/providers/Microsoft.Network/virtualNetworks/ComputerVisionProject-vnet/subnets/default"
                            }
                        }
                    ]
                }
            },
            "dependsOn": [
                "Microsoft.Network/virtualNetworks/ComputerVisionProject-vnet"
            ]
        },
        {
            "type": "Microsoft.Resources/deployments",
            "name": "AciSubnetRoleAssignmentDeployment-20190711001410",
            "apiVersion": "2017-05-10",
            "resourceGroup": "ComputerVisionProject",
            "subscriptionId": "ba1d4485-2ac1-4c28-be39-56e5a0f0185c",
            "properties": {
                "mode": "Incremental",
                "template": {
                    "$schema": "https://schema.management.azure.com/schemas/2015-01-01/deploymentTemplate.json#",
                    "contentVersion": "1.0.0.0",
                    "parameters": {},
                    "variables": {},
                    "resources": [
                        {
                            "type": "Microsoft.Network/virtualNetworks/subnets/providers/roleAssignments",
                            "apiVersion": "2017-05-01",
                            "name": "ComputerVisionProject-vnet/virtual-node-aci/Microsoft.Authorization/f07f4fa4-c7b5-4550-84c2-0a7d139e6c74",
                            "properties": {
                                "roleDefinitionId": "[concat('/subscriptions/', subscription().subscriptionId, '/providers/Microsoft.Authorization/roleDefinitions/', '4d97b98b-1d4f-4787-a291-c67834d212e7')]",
                                "principalId": "[parameters('principalId')]",
                                "scope": "/subscriptions/ba1d4485-2ac1-4c28-be39-56e5a0f0185c/resourceGroups/ComputerVisionProject/providers/Microsoft.Network/virtualNetworks/ComputerVisionProject-vnet/subnets/virtual-node-aci"
                            }
                        }
                    ]
                }
            },
            "dependsOn": [
                "Microsoft.Network/virtualNetworks/ComputerVisionProject-vnet"
            ]
        }
    ],
    "outputs": {
        "controlPlaneFQDN": {
            "type": "string",
            "value": "[reference(concat('Microsoft.ContainerService/managedClusters/', parameters('resourceName'))).fqdn]"
        }
    }
}