{
    "$schema": "https://schema.management.azure.com/schemas/2015-01-01/deploymentParameters.json#",
    "contentVersion": "1.0.0.0",
    "parameters": {
        "controllers_kubeCluster_targetContainerHostCredentialsBase64": {
            "value": null
        },
        "controllers_kubeCluster_name": {
            "value": null
        },
        "managedClusters_kubeCluster_name": {
            "value": null
        },
        "virtualNetworks_kubernetesResourceGroup_vnet_name": {
            "value": null
        },
        "registries_ComputerVisionBirdDetctionacr_name": {
            "value": null
        }
    }
}