{
    "$schema": "https://schema.management.azure.com/schemas/2015-01-01/deploymentTemplate.json#",
    "contentVersion": "1.0.0.0",
    "parameters": {
        "controllers_kubeCluster_targetContainerHostCredentialsBase64": {
            "defaultValue": null,
            "type": "SecureString"
        },
        "controllers_kubeCluster_name": {
            "defaultValue": "kubeCluster",
            "type": "String"
        },
        "managedClusters_kubeCluster_name": {
            "defaultValue": "kubeCluster",
            "type": "String"
        },
        "virtualNetworks_kubernetesResourceGroup_vnet_name": {
            "defaultValue": "kubernetesResourceGroup-vnet",
            "type": "String"
        },
        "registries_ComputerVisionBirdDetctionacr_name": {
            "defaultValue": "ComputerVisionBirdDetctionacr",
            "type": "String"
        }
    },
    "variables": {},
    "resources": [
        {
            "type": "Microsoft.ContainerRegistry/registries",
            "apiVersion": "2017-10-01",
            "name": "[parameters('registries_ComputerVisionBirdDetctionacr_name')]",
            "location": "northeurope",
            "sku": {
                "name": "Basic",
                "tier": "Basic"
            },
            "properties": {
                "adminUserEnabled": true
            }
        },
        {
            "type": "Microsoft.Network/virtualNetworks",
            "apiVersion": "2019-04-01",
            "name": "[parameters('virtualNetworks_kubernetesResourceGroup_vnet_name')]",
            "location": "northeurope",
            "properties": {
                "provisioningState": "Succeeded",
                "resourceGuid": "3aa6e58d-338c-4f48-b077-555c79c382b3",
                "addressSpace": {
                    "addressPrefixes": [
                        "10.0.0.0/8"
                    ]
                },
                "subnets": [
                    {
                        "name": "default",
                        "etag": "W/\"e7a80b5e-c29f-4ec2-a0fc-d0df0bd83ed7\"",
                        "properties": {
                            "provisioningState": "Succeeded",
                            "addressPrefix": "10.240.0.0/16",
                            "delegations": []
                        }
                    }
                ],
                "virtualNetworkPeerings": [],
                "enableDdosProtection": false,
                "enableVmProtection": false
            }
        },
        {
            "type": "Microsoft.ContainerService/managedClusters",
            "apiVersion": "2018-03-31",
            "name": "[parameters('managedClusters_kubeCluster_name')]",
            "location": "northeurope",
            "dependsOn": [
                "[resourceId('Microsoft.Network/virtualNetworks/subnets', parameters('virtualNetworks_kubernetesResourceGroup_vnet_name'), 'default')]"
            ],
            "tags": {
                "hidden-DevOpsInfo:b527ef53-66fc-44c2-a8d1-f421dd5237b4_8c4d3d21-38bf-4098-9944-97e2991c9170_1;": ""
            },
            "properties": {
                "kubernetesVersion": "1.12.8",
                "dnsPrefix": "[concat(parameters('managedClusters_kubeCluster_name'), '-dns')]",
                "agentPoolProfiles": [
                    {
                        "name": "agentpool",
                        "count": 1,
                        "vmSize": "Standard_B2ms",
                        "osDiskSizeGB": 100,
                        "storageProfile": "ManagedDisks",
                        "vnetSubnetID": "[resourceId('Microsoft.Network/virtualNetworks/subnets', parameters('virtualNetworks_kubernetesResourceGroup_vnet_name'), 'default')]",
                        "maxPods": 30,
                        "osType": "Linux"
                    }
                ],
                "servicePrincipalProfile": {
                    "clientId": "7501db40-d86a-4741-b2b8-826505d3c10c"
                },
                "addonProfiles": {
                    "httpApplicationRouting": {
                        "enabled": false,
                        "config": null
                    }
                },
                "enableRBAC": true,
                "networkProfile": {
                    "networkPlugin": "azure",
                    "serviceCidr": "10.0.0.0/16",
                    "dnsServiceIP": "10.0.0.10",
                    "dockerBridgeCidr": "172.17.0.1/16"
                }
            }
        },
        {
            "type": "Microsoft.DevSpaces/controllers",
            "apiVersion": "2019-04-01",
            "name": "[parameters('controllers_kubeCluster_name')]",
            "location": "northeurope",
            "dependsOn": [
                "[resourceId('Microsoft.ContainerService/managedClusters', parameters('managedClusters_kubeCluster_name'))]"
            ],
            "sku": {
                "name": "S1",
                "tier": "Standard"
            },
            "properties": {
                "targetContainerHostResourceId": "[resourceId('Microsoft.ContainerService/managedClusters', parameters('managedClusters_kubeCluster_name'))]",
                "targetContainerHostCredentialsBase64": "[parameters('controllers_kubeCluster_targetContainerHostCredentialsBase64')]"
            }
        },
        {
            "type": "Microsoft.Network/virtualNetworks/subnets",
            "apiVersion": "2019-04-01",
            "name": "[concat(parameters('virtualNetworks_kubernetesResourceGroup_vnet_name'), '/default')]",
            "dependsOn": [
                "[resourceId('Microsoft.Network/virtualNetworks', parameters('virtualNetworks_kubernetesResourceGroup_vnet_name'))]"
            ],
            "properties": {
                "provisioningState": "Succeeded",
                "addressPrefix": "10.240.0.0/16",
                "delegations": []
            }
        }
    ]
}