{
    "$schema": "https://schema.management.azure.com/schemas/2015-01-01/deploymentParameters.json#",
    "contentVersion": "1.0.0.0",
    "parameters": {
        "extensions_cse_agent_0_fileUris": {
            "value": null
        },
        "extensions_cse_agent_0_storageAccountName": {
            "value": null
        },
        "extensions_cse_agent_0_storageAccountKey": {
            "value": null
        },
        "extensions_cse_agent_0_commandToExecute": {
            "value": null
        },
        "loadBalancers_kubernetes_name": {
            "value": null
        },
        "virtualMachines_aks_agentpool_20474881_0_name": {
            "value": null
        },
        "networkInterfaces_aks_agentpool_20474881_nic_0_name": {
            "value": null
        },
        "networkSecurityGroups_aks_agentpool_20474881_nsg_name": {
            "value": null
        },
        "availabilitySets_agentpool_availabilitySet_20474881_name": {
            "value": null
        },
        "publicIPAddresses_kubernetes_a5343d02da01511e9ac590afd143a561_name": {
            "value": null
        },
        "publicIPAddresses_kubernetes_adffcff11a2a711e99caa16c2c4bcf1d_name": {
            "value": null
        },
        "virtualNetworks_kubernetesResourceGroup_vnet_externalid": {
            "value": null
        }
    }
}